<PAMDataset>
  <SRS>PROJCS[&quot;WGS_1984_Web_Mercator_Auxiliary_Sphere&quot;,GEOGCS[&quot;GCS_WGS_1984&quot;,DATUM[&quot;D_WGS_1984&quot;,SPHEROID[&quot;WGS_1984&quot;,6378137.0,298.257223563]],PRIMEM[&quot;Greenwich&quot;,0.0],UNIT[&quot;Degree&quot;,0.017453292519943295]],PROJECTION[&quot;Mercator_Auxiliary_Sphere&quot;],PARAMETER[&quot;False_Easting&quot;,0.0],PARAMETER[&quot;False_Northing&quot;,0.0],PARAMETER[&quot;Central_Meridian&quot;,0.0],PARAMETER[&quot;Standard_Parallel_1&quot;,0.0],PARAMETER[&quot;Auxiliary_Sphere_Type&quot;,0.0],UNIT[&quot;Meter&quot;,1.0]]</SRS>
  <Metadata domain="ESRI">
    <MDI key="PyramidResamplingType">NEAREST</MDI>
  </Metadata>
  <PAMRasterBand band="1">
    <NoDataValue>0.00000000000000E+000</NoDataValue>
    <ColorInterp>Palette</ColorInterp>
    <ColorTable>
      <Entry c1="0" c2="0" c3="0" c4="255"/>
      <Entry c1="0" c2="250" c3="0" c4="255"/>
      <Entry c1="0" c2="0" c3="0" c4="255"/>
      <Entry c1="0" c2="0" c3="0" c4="255"/>
      <Entry c1="0" c2="0" c3="0" c4="255"/>
      <Entry c1="0" c2="0" c3="0" c4="255"/>
      <Entry c1="0" c2="0" c3="0" c4="255"/>
      <Entry c1="0" c2="0" c3="0" c4="255"/>
      <Entry c1="0" c2="0" c3="0" c4="255"/>
      <Entry c1="0" c2="0" c3="0" c4="255"/>
      <Entry c1="0" c2="0" c3="0" c4="255"/>
      <Entry c1="71" c2="107" c3="161" c4="255"/>
      <Entry c1="209" c2="222" c3="250" c4="255"/>
      <Entry c1="0" c2="0" c3="0" c4="255"/>
      <Entry c1="0" c2="0" c3="0" c4="255"/>
      <Entry c1="0" c2="0" c3="0" c4="255"/>
      <Entry c1="0" c2="0" c3="0" c4="255"/>
      <Entry c1="0" c2="0" c3="0" c4="255"/>
      <Entry c1="0" c2="0" c3="0" c4="255"/>
      <Entry c1="0" c2="0" c3="0" c4="255"/>
      <Entry c1="0" c2="0" c3="0" c4="255"/>
      <Entry c1="222" c2="202" c3="202" c4="255"/>
      <Entry c1="217" c2="148" c3="130" c4="255"/>
      <Entry c1="238" c2="0" c3="0" c4="255"/>
      <Entry c1="171" c2="0" c3="0" c4="255"/>
      <Entry c1="0" c2="0" c3="0" c4="255"/>
      <Entry c1="0" c2="0" c3="0" c4="255"/>
      <Entry c1="0" c2="0" c3="0" c4="255"/>
      <Entry c1="0" c2="0" c3="0" c4="255"/>
      <Entry c1="0" c2="0" c3="0" c4="255"/>
      <Entry c1="0" c2="0" c3="0" c4="255"/>
      <Entry c1="179" c2="174" c3="163" c4="255"/>
      <Entry c1="250" c2="250" c3="250" c4="255"/>
      <Entry c1="0" c2="0" c3="0" c4="255"/>
      <Entry c1="0" c2="0" c3="0" c4="255"/>
      <Entry c1="0" c2="0" c3="0" c4="255"/>
      <Entry c1="0" c2="0" c3="0" c4="255"/>
      <Entry c1="0" c2="0" c3="0" c4="255"/>
      <Entry c1="0" c2="0" c3="0" c4="255"/>
      <Entry c1="0" c2="0" c3="0" c4="255"/>
      <Entry c1="0" c2="0" c3="0" c4="255"/>
      <Entry c1="104" c2="171" c3="99" c4="255"/>
      <Entry c1="28" c2="99" c3="48" c4="255"/>
      <Entry c1="181" c2="202" c3="143" c4="255"/>
      <Entry c1="0" c2="0" c3="0" c4="255"/>
      <Entry c1="0" c2="0" c3="0" c4="255"/>
      <Entry c1="0" c2="0" c3="0" c4="255"/>
      <Entry c1="0" c2="0" c3="0" c4="255"/>
      <Entry c1="0" c2="0" c3="0" c4="255"/>
      <Entry c1="0" c2="0" c3="0" c4="255"/>
      <Entry c1="0" c2="0" c3="0" c4="255"/>
      <Entry c1="166" c2="140" c3="48" c4="255"/>
      <Entry c1="204" c2="186" c3="125" c4="255"/>
      <Entry c1="0" c2="0" c3="0" c4="255"/>
      <Entry c1="0" c2="0" c3="0" c4="255"/>
      <Entry c1="0" c2="0" c3="0" c4="255"/>
      <Entry c1="0" c2="0" c3="0" c4="255"/>
      <Entry c1="0" c2="0" c3="0" c4="255"/>
      <Entry c1="0" c2="0" c3="0" c4="255"/>
      <Entry c1="0" c2="0" c3="0" c4="255"/>
      <Entry c1="0" c2="0" c3="0" c4="255"/>
      <Entry c1="0" c2="0" c3="0" c4="255"/>
      <Entry c1="0" c2="0" c3="0" c4="255"/>
      <Entry c1="0" c2="0" c3="0" c4="255"/>
      <Entry c1="0" c2="0" c3="0" c4="255"/>
      <Entry c1="0" c2="0" c3="0" c4="255"/>
      <Entry c1="0" c2="0" c3="0" c4="255"/>
      <Entry c1="0" c2="0" c3="0" c4="255"/>
      <Entry c1="0" c2="0" c3="0" c4="255"/>
      <Entry c1="0" c2="0" c3="0" c4="255"/>
      <Entry c1="0" c2="0" c3="0" c4="255"/>
      <Entry c1="227" c2="227" c3="194" c4="255"/>
      <Entry c1="202" c2="202" c3="120" c4="255"/>
      <Entry c1="153" c2="194" c3="71" c4="255"/>
      <Entry c1="120" c2="174" c3="148" c4="255"/>
      <Entry c1="0" c2="0" c3="0" c4="255"/>
      <Entry c1="0" c2="0" c3="0" c4="255"/>
      <Entry c1="0" c2="0" c3="0" c4="255"/>
      <Entry c1="0" c2="0" c3="0" c4="255"/>
      <Entry c1="0" c2="0" c3="0" c4="255"/>
      <Entry c1="0" c2="0" c3="0" c4="255"/>
      <Entry c1="220" c2="217" c3="61" c4="255"/>
      <Entry c1="171" c2="112" c3="40" c4="255"/>
      <Entry c1="0" c2="0" c3="0" c4="255"/>
      <Entry c1="0" c2="0" c3="0" c4="255"/>
      <Entry c1="0" c2="0" c3="0" c4="255"/>
      <Entry c1="0" c2="0" c3="0" c4="255"/>
      <Entry c1="0" c2="0" c3="0" c4="255"/>
      <Entry c1="0" c2="0" c3="0" c4="255"/>
      <Entry c1="0" c2="0" c3="0" c4="255"/>
      <Entry c1="186" c2="217" c3="235" c4="255"/>
      <Entry c1="181" c2="212" c3="230" c4="255"/>
      <Entry c1="181" c2="212" c3="230" c4="255"/>
      <Entry c1="181" c2="212" c3="230" c4="255"/>
      <Entry c1="181" c2="212" c3="230" c4="255"/>
      <Entry c1="112" c2="163" c3="186" c4="255"/>
      <Entry c1="0" c2="0" c3="0" c4="0"/>
      <Entry c1="0" c2="0" c3="0" c4="0"/>
      <Entry c1="0" c2="0" c3="0" c4="0"/>
      <Entry c1="0" c2="0" c3="0" c4="0"/>
      <Entry c1="0" c2="0" c3="0" c4="0"/>
      <Entry c1="0" c2="0" c3="0" c4="0"/>
      <Entry c1="0" c2="0" c3="0" c4="0"/>
      <Entry c1="0" c2="0" c3="0" c4="0"/>
      <Entry c1="0" c2="0" c3="0" c4="0"/>
      <Entry c1="0" c2="0" c3="0" c4="0"/>
      <Entry c1="0" c2="0" c3="0" c4="0"/>
      <Entry c1="0" c2="0" c3="0" c4="0"/>
      <Entry c1="0" c2="0" c3="0" c4="0"/>
      <Entry c1="0" c2="0" c3="0" c4="0"/>
      <Entry c1="0" c2="0" c3="0" c4="0"/>
      <Entry c1="0" c2="0" c3="0" c4="0"/>
      <Entry c1="0" c2="0" c3="0" c4="0"/>
      <Entry c1="0" c2="0" c3="0" c4="0"/>
      <Entry c1="0" c2="0" c3="0" c4="0"/>
      <Entry c1="0" c2="0" c3="0" c4="0"/>
      <Entry c1="0" c2="0" c3="0" c4="0"/>
      <Entry c1="0" c2="0" c3="0" c4="0"/>
      <Entry c1="0" c2="0" c3="0" c4="0"/>
      <Entry c1="0" c2="0" c3="0" c4="0"/>
      <Entry c1="0" c2="0" c3="0" c4="0"/>
      <Entry c1="0" c2="0" c3="0" c4="0"/>
      <Entry c1="0" c2="0" c3="0" c4="0"/>
      <Entry c1="0" c2="0" c3="0" c4="0"/>
      <Entry c1="0" c2="0" c3="0" c4="0"/>
      <Entry c1="0" c2="0" c3="0" c4="0"/>
      <Entry c1="0" c2="0" c3="0" c4="0"/>
      <Entry c1="0" c2="0" c3="0" c4="0"/>
      <Entry c1="0" c2="0" c3="0" c4="0"/>
      <Entry c1="0" c2="0" c3="0" c4="0"/>
      <Entry c1="0" c2="0" c3="0" c4="0"/>
      <Entry c1="0" c2="0" c3="0" c4="0"/>
      <Entry c1="0" c2="0" c3="0" c4="0"/>
      <Entry c1="0" c2="0" c3="0" c4="0"/>
      <Entry c1="0" c2="0" c3="0" c4="0"/>
      <Entry c1="0" c2="0" c3="0" c4="0"/>
      <Entry c1="0" c2="0" c3="0" c4="0"/>
      <Entry c1="0" c2="0" c3="0" c4="0"/>
      <Entry c1="0" c2="0" c3="0" c4="0"/>
      <Entry c1="0" c2="0" c3="0" c4="0"/>
      <Entry c1="0" c2="0" c3="0" c4="0"/>
      <Entry c1="0" c2="0" c3="0" c4="0"/>
      <Entry c1="0" c2="0" c3="0" c4="0"/>
      <Entry c1="0" c2="0" c3="0" c4="0"/>
      <Entry c1="0" c2="0" c3="0" c4="0"/>
      <Entry c1="0" c2="0" c3="0" c4="0"/>
      <Entry c1="0" c2="0" c3="0" c4="0"/>
      <Entry c1="0" c2="0" c3="0" c4="0"/>
      <Entry c1="0" c2="0" c3="0" c4="0"/>
      <Entry c1="0" c2="0" c3="0" c4="0"/>
      <Entry c1="0" c2="0" c3="0" c4="0"/>
      <Entry c1="0" c2="0" c3="0" c4="0"/>
      <Entry c1="0" c2="0" c3="0" c4="0"/>
      <Entry c1="0" c2="0" c3="0" c4="0"/>
      <Entry c1="0" c2="0" c3="0" c4="0"/>
      <Entry c1="0" c2="0" c3="0" c4="0"/>
      <Entry c1="0" c2="0" c3="0" c4="0"/>
      <Entry c1="0" c2="0" c3="0" c4="0"/>
      <Entry c1="0" c2="0" c3="0" c4="0"/>
      <Entry c1="0" c2="0" c3="0" c4="0"/>
      <Entry c1="0" c2="0" c3="0" c4="0"/>
      <Entry c1="0" c2="0" c3="0" c4="0"/>
      <Entry c1="0" c2="0" c3="0" c4="0"/>
      <Entry c1="0" c2="0" c3="0" c4="0"/>
      <Entry c1="0" c2="0" c3="0" c4="0"/>
      <Entry c1="0" c2="0" c3="0" c4="0"/>
      <Entry c1="0" c2="0" c3="0" c4="0"/>
      <Entry c1="0" c2="0" c3="0" c4="0"/>
      <Entry c1="0" c2="0" c3="0" c4="0"/>
      <Entry c1="0" c2="0" c3="0" c4="0"/>
      <Entry c1="0" c2="0" c3="0" c4="0"/>
      <Entry c1="0" c2="0" c3="0" c4="0"/>
      <Entry c1="0" c2="0" c3="0" c4="0"/>
      <Entry c1="0" c2="0" c3="0" c4="0"/>
      <Entry c1="0" c2="0" c3="0" c4="0"/>
      <Entry c1="0" c2="0" c3="0" c4="0"/>
      <Entry c1="0" c2="0" c3="0" c4="0"/>
      <Entry c1="0" c2="0" c3="0" c4="0"/>
      <Entry c1="0" c2="0" c3="0" c4="0"/>
      <Entry c1="0" c2="0" c3="0" c4="0"/>
      <Entry c1="0" c2="0" c3="0" c4="0"/>
      <Entry c1="0" c2="0" c3="0" c4="0"/>
      <Entry c1="0" c2="0" c3="0" c4="0"/>
      <Entry c1="0" c2="0" c3="0" c4="0"/>
      <Entry c1="0" c2="0" c3="0" c4="0"/>
      <Entry c1="0" c2="0" c3="0" c4="0"/>
      <Entry c1="0" c2="0" c3="0" c4="0"/>
      <Entry c1="0" c2="0" c3="0" c4="0"/>
      <Entry c1="0" c2="0" c3="0" c4="0"/>
      <Entry c1="0" c2="0" c3="0" c4="0"/>
      <Entry c1="0" c2="0" c3="0" c4="0"/>
      <Entry c1="0" c2="0" c3="0" c4="0"/>
      <Entry c1="0" c2="0" c3="0" c4="0"/>
      <Entry c1="0" c2="0" c3="0" c4="0"/>
      <Entry c1="0" c2="0" c3="0" c4="0"/>
      <Entry c1="0" c2="0" c3="0" c4="0"/>
      <Entry c1="0" c2="0" c3="0" c4="0"/>
      <Entry c1="0" c2="0" c3="0" c4="0"/>
      <Entry c1="0" c2="0" c3="0" c4="0"/>
      <Entry c1="0" c2="0" c3="0" c4="0"/>
      <Entry c1="0" c2="0" c3="0" c4="0"/>
      <Entry c1="0" c2="0" c3="0" c4="0"/>
      <Entry c1="0" c2="0" c3="0" c4="0"/>
      <Entry c1="0" c2="0" c3="0" c4="0"/>
      <Entry c1="0" c2="0" c3="0" c4="0"/>
      <Entry c1="0" c2="0" c3="0" c4="0"/>
      <Entry c1="0" c2="0" c3="0" c4="0"/>
      <Entry c1="0" c2="0" c3="0" c4="0"/>
      <Entry c1="0" c2="0" c3="0" c4="0"/>
      <Entry c1="0" c2="0" c3="0" c4="0"/>
      <Entry c1="0" c2="0" c3="0" c4="0"/>
      <Entry c1="0" c2="0" c3="0" c4="0"/>
      <Entry c1="0" c2="0" c3="0" c4="0"/>
      <Entry c1="0" c2="0" c3="0" c4="0"/>
      <Entry c1="0" c2="0" c3="0" c4="0"/>
      <Entry c1="0" c2="0" c3="0" c4="0"/>
      <Entry c1="0" c2="0" c3="0" c4="0"/>
      <Entry c1="0" c2="0" c3="0" c4="0"/>
      <Entry c1="0" c2="0" c3="0" c4="0"/>
      <Entry c1="0" c2="0" c3="0" c4="0"/>
      <Entry c1="0" c2="0" c3="0" c4="0"/>
      <Entry c1="0" c2="0" c3="0" c4="0"/>
      <Entry c1="0" c2="0" c3="0" c4="0"/>
      <Entry c1="0" c2="0" c3="0" c4="0"/>
      <Entry c1="0" c2="0" c3="0" c4="0"/>
      <Entry c1="0" c2="0" c3="0" c4="0"/>
      <Entry c1="0" c2="0" c3="0" c4="0"/>
      <Entry c1="0" c2="0" c3="0" c4="0"/>
      <Entry c1="0" c2="0" c3="0" c4="0"/>
      <Entry c1="0" c2="0" c3="0" c4="0"/>
      <Entry c1="0" c2="0" c3="0" c4="0"/>
      <Entry c1="0" c2="0" c3="0" c4="0"/>
      <Entry c1="0" c2="0" c3="0" c4="0"/>
      <Entry c1="0" c2="0" c3="0" c4="0"/>
      <Entry c1="0" c2="0" c3="0" c4="0"/>
      <Entry c1="0" c2="0" c3="0" c4="0"/>
      <Entry c1="0" c2="0" c3="0" c4="0"/>
      <Entry c1="0" c2="0" c3="0" c4="0"/>
      <Entry c1="0" c2="0" c3="0" c4="0"/>
      <Entry c1="0" c2="0" c3="0" c4="0"/>
      <Entry c1="0" c2="0" c3="0" c4="0"/>
      <Entry c1="0" c2="0" c3="0" c4="0"/>
      <Entry c1="0" c2="0" c3="0" c4="0"/>
      <Entry c1="0" c2="0" c3="0" c4="0"/>
      <Entry c1="0" c2="0" c3="0" c4="0"/>
      <Entry c1="0" c2="0" c3="0" c4="0"/>
      <Entry c1="0" c2="0" c3="0" c4="0"/>
      <Entry c1="0" c2="0" c3="0" c4="0"/>
      <Entry c1="0" c2="0" c3="0" c4="0"/>
      <Entry c1="0" c2="0" c3="0" c4="0"/>
      <Entry c1="0" c2="0" c3="0" c4="0"/>
      <Entry c1="0" c2="0" c3="0" c4="0"/>
      <Entry c1="0" c2="0" c3="0" c4="0"/>
      <Entry c1="0" c2="0" c3="0" c4="0"/>
      <Entry c1="0" c2="0" c3="0" c4="0"/>
      <Entry c1="0" c2="0" c3="0" c4="0"/>
    </ColorTable>
    <Metadata>
      <MDI key="RepresentationType">THEMATIC</MDI>
    </Metadata>
  </PAMRasterBand>
</PAMDataset>
