<?xml version="1.0" encoding="ISO-8859-1"?>
<metadata xml:lang="en"><Esri><CreaDate>20110124</CreaDate><CreaTime>10143600</CreaTime><ArcGISFormat>1.0</ArcGISFormat><ArcGISstyle>Item Description</ArcGISstyle><SyncOnce>FALSE</SyncOnce><DataProperties><itemProps><itemName Sync="TRUE">lcNLCD_PR2</itemName><itemLocation><linkage Sync="TRUE">file://D:\arcgisserver\services\im\e95aa06e05624f3087559eca884db034\e95aa06e05624f3087559eca884db034\commondata\data0\lcNLCD_PR2</linkage><protocol Sync="TRUE">Local Area Network</protocol></itemLocation><imsContentType Sync="TRUE">002</imsContentType><nativeExtBox><westBL Sync="TRUE">-7516232.496649</westBL><eastBL Sync="TRUE">-7229492.496649</eastBL><southBL Sync="TRUE">1943707.031762</southBL><northBL Sync="TRUE">2174257.031762</northBL><exTypeCode Sync="TRUE">1</exTypeCode></nativeExtBox></itemProps><coordRef><type Sync="TRUE">Projected</type><geogcsn Sync="TRUE">GCS_WGS_1984</geogcsn><projcsn Sync="TRUE">WGS_1984_Web_Mercator_Auxiliary_Sphere</projcsn><peXml Sync="TRUE">&lt;ProjectedCoordinateSystem xsi:type='typens:ProjectedCoordinateSystem' xmlns:xsi='http://www.w3.org/2001/XMLSchema-instance' xmlns:xs='http://www.w3.org/2001/XMLSchema' xmlns:typens='http://www.esri.com/schemas/ArcGIS/10.0'&gt;&lt;WKT&gt;PROJCS[&amp;quot;WGS_1984_Web_Mercator_Auxiliary_Sphere&amp;quot;,GEOGCS[&amp;quot;GCS_WGS_1984&amp;quot;,DATUM[&amp;quot;D_WGS_1984&amp;quot;,SPHEROID[&amp;quot;WGS_1984&amp;quot;,6378137.0,298.257223563]],PRIMEM[&amp;quot;Greenwich&amp;quot;,0.0],UNIT[&amp;quot;Degree&amp;quot;,0.0174532925199433]],PROJECTION[&amp;quot;Mercator_Auxiliary_Sphere&amp;quot;],PARAMETER[&amp;quot;False_Easting&amp;quot;,0.0],PARAMETER[&amp;quot;False_Northing&amp;quot;,0.0],PARAMETER[&amp;quot;Central_Meridian&amp;quot;,0.0],PARAMETER[&amp;quot;Standard_Parallel_1&amp;quot;,0.0],PARAMETER[&amp;quot;Auxiliary_Sphere_Type&amp;quot;,0.0],UNIT[&amp;quot;Meter&amp;quot;,1.0],AUTHORITY[&amp;quot;EPSG&amp;quot;,3857]]&lt;/WKT&gt;&lt;XOrigin&gt;-20037700&lt;/XOrigin&gt;&lt;YOrigin&gt;-30241100&lt;/YOrigin&gt;&lt;XYScale&gt;148923141.92838538&lt;/XYScale&gt;&lt;ZOrigin&gt;-100000&lt;/ZOrigin&gt;&lt;ZScale&gt;10000&lt;/ZScale&gt;&lt;MOrigin&gt;-100000&lt;/MOrigin&gt;&lt;MScale&gt;10000&lt;/MScale&gt;&lt;XYTolerance&gt;0.001&lt;/XYTolerance&gt;&lt;ZTolerance&gt;0.001&lt;/ZTolerance&gt;&lt;MTolerance&gt;0.001&lt;/MTolerance&gt;&lt;HighPrecision&gt;true&lt;/HighPrecision&gt;&lt;WKID&gt;3857&lt;/WKID&gt;&lt;/ProjectedCoordinateSystem&gt;</peXml></coordRef><RasterProperties><General><PixelDepth Sync="TRUE">8</PixelDepth><HasColormap Sync="TRUE">TRUE</HasColormap><CompressionType Sync="TRUE">RLE</CompressionType><NumBands Sync="TRUE">1</NumBands><Format Sync="TRUE">GRID</Format><HasPyramids Sync="TRUE">TRUE</HasPyramids><SourceType Sync="TRUE">discrete</SourceType><PixelType Sync="TRUE">unsigned integer</PixelType><NoDataValue Sync="TRUE">0</NoDataValue></General></RasterProperties><lineage><Process ToolSource="C:\Program Files (x86)\ArcGIS\Desktop10.0\ArcToolbox\Toolboxes\Data Management Tools.tbx\CopyRaster" Date="20110124" Time="101437">CopyRaster impervious4_091406.img C:\Users\david\Desktop\NLCD\impervious\imperv_z4 # # 127 NONE NONE 8_BIT_SIGNED</Process><Process ToolSource="C:\Program Files (x86)\ArcGIS\Desktop10.0\ArcToolbox\Toolboxes\Data Management Tools.tbx\CopyRaster" Date="20110124" Time="102709">CopyRaster C:\Users\david\Desktop\NLCD\impervious\imperv_z4 "C:\Users\david\Desktop\uploaded Layer packages\imperv_z4\commondata\data0\imperv_z4" # # # NONE NONE #</Process><Process ToolSource="C:\Program Files (x86)\ArcGIS\Server10.0\ArcToolbox\Toolboxes\Data Management Tools.tbx\CopyRaster" Date="20110126" Time="223113">CopyRaster D:\arcgisserver\services\im\e95aa06e05624f3087559eca884db034\commondata\data0\lcNLCD_PR2 D:\arcgisserver\services\im\e95aa06e05624f3087559eca884db034\e95aa06e05624f3087559eca884db034\commondata\data0\lcNLCD_PR2 # # # NONE NONE #</Process></lineage></DataProperties><SyncDate>20110126</SyncDate><SyncTime>22311300</SyncTime><ModDate>20110126</ModDate><ModTime>22311300</ModTime></Esri><dataIdInfo><envirDesc Sync="TRUE">Microsoft Windows Server 2008 Version 6.0 (Build 6002) Service Pack 2; ESRI ArcGIS 10.0.0.2414</envirDesc><dataLang><languageCode value="eng" country="USA"/></dataLang><idCitation><resTitle Sync="TRUE">lcNLCD_PR2</resTitle><presForm><PresFormCd value="005"/></presForm></idCitation><descKeys><thesaName uuidref="723f6998-058e-11dc-8314-0800200c9a66"/><keyword Sync="TRUE">002</keyword></descKeys><spatRpType><SpatRepTypCd value="002"/></spatRpType><dataExt><geoEle><GeoBndBox esriExtentType="search"><westBL Sync="TRUE">-67.519465</westBL><eastBL Sync="TRUE">-64.943636</eastBL><northBL Sync="TRUE">19.164027</northBL><southBL Sync="TRUE">17.196467</southBL><exTypeCode Sync="TRUE">1</exTypeCode></GeoBndBox></geoEle></dataExt></dataIdInfo><mdLang><languageCode value="eng"/></mdLang><mdChar><CharSetCd value="006"/></mdChar><distInfo><distFormat><formatName Sync="TRUE">Raster Dataset</formatName></distFormat></distInfo><mdHrLv><ScopeCd value="005"/></mdHrLv><mdHrLvName Sync="TRUE">dataset</mdHrLvName><refSysInfo><RefSystem><refSysID><identCode code="3857"/><idCodeSpace Sync="TRUE">EPSG</idCodeSpace><idVersion Sync="TRUE">7.4.1</idVersion></refSysID></RefSystem></refSysInfo><spatRepInfo><Georect><cellGeo><CellGeoCd Sync="TRUE" value="002"/></cellGeo><numDims Sync="TRUE">2</numDims><tranParaAv Sync="TRUE">1</tranParaAv><chkPtAv Sync="TRUE">0</chkPtAv><cornerPts><pos Sync="TRUE">-7516232.496649 1943707.031762</pos></cornerPts><cornerPts><pos Sync="TRUE">-7516232.496649 2174257.031762</pos></cornerPts><cornerPts><pos Sync="TRUE">-7229492.496649 2174257.031762</pos></cornerPts><cornerPts><pos Sync="TRUE">-7229492.496649 1943707.031762</pos></cornerPts><centerPt><pos Sync="TRUE">-7372862.496649 2058982.031762</pos></centerPt><axisDimension type="002"><dimSize Sync="TRUE">9558</dimSize><dimResol><value Sync="TRUE" uom="Meter">30.000000</value></dimResol></axisDimension><axisDimension type="001"><dimSize Sync="TRUE">7685</dimSize><dimResol><value Sync="TRUE" uom="Meter">30.000000</value></dimResol></axisDimension><ptInPixel><PixOrientCd Sync="TRUE" value="001"/></ptInPixel></Georect></spatRepInfo><eainfo><detailed Name="lcnlcd_pr2.vat"><enttyp><enttypl Sync="TRUE">lcnlcd_pr2.vat</enttypl><enttypt Sync="TRUE">Table</enttypt><enttypc Sync="TRUE">13</enttypc></enttyp><attr><attrlabl Sync="TRUE">Rowid</attrlabl><attalias Sync="TRUE">VALUE</attalias><attrtype Sync="TRUE">Integer</attrtype><attwidth Sync="TRUE">4</attwidth><atprecis Sync="TRUE">0</atprecis><attscale Sync="TRUE">0</attscale><attrdef Sync="TRUE">Internal feature number.</attrdef><attrdefs Sync="TRUE">ESRI</attrdefs><attrdomv><udom Sync="TRUE">Sequential unique whole numbers that are automatically generated.</udom></attrdomv></attr><attr><attrlabl Sync="TRUE">VALUE</attrlabl><attalias>VALUE</attalias><attrtype Sync="TRUE">Integer</attrtype><attwidth Sync="TRUE">4</attwidth><atprecis Sync="TRUE">0</atprecis><attscale Sync="TRUE">0</attscale><attrdef>Land Cover Class Code Value. Class definitions marked with an asterisk (*) are Coastal NLCD Classes only.</attrdef><attrdomv/></attr><attr><attrlabl Sync="TRUE">COUNT</attrlabl><attalias>COUNT</attalias><attrtype Sync="TRUE">Double</attrtype><attwidth Sync="TRUE">8</attwidth><atprecis Sync="TRUE">0</atprecis><attscale Sync="TRUE">0</attscale><attrdef>COUNT</attrdef><attrdomv/></attr><attr><attrlabl Sync="TRUE">RED</attrlabl><attalias>RED</attalias><attrtype Sync="TRUE">Double</attrtype><attwidth Sync="TRUE">8</attwidth><atprecis Sync="TRUE">0</atprecis><attscale Sync="TRUE">0</attscale><attrdef>RED</attrdef><attrdomv/></attr><attr><attrlabl Sync="TRUE">GREEN</attrlabl><attalias>GREEN</attalias><attrtype Sync="TRUE">Double</attrtype><attwidth Sync="TRUE">8</attwidth><atprecis Sync="TRUE">0</atprecis><attscale Sync="TRUE">0</attscale><attrdef>GREEN</attrdef><attrdomv/></attr><attr><attrlabl Sync="TRUE">BLUE</attrlabl><attalias>BLUE</attalias><attrtype Sync="TRUE">Double</attrtype><attwidth Sync="TRUE">8</attwidth><atprecis Sync="TRUE">0</atprecis><attscale Sync="TRUE">0</attscale><attrdef>BLUE</attrdef><attrdomv/></attr><attr><attrlabl Sync="TRUE">OPACITY</attrlabl><attalias>OPACITY</attalias><attrtype Sync="TRUE">String</attrtype><attwidth Sync="TRUE">254</attwidth><atprecis Sync="TRUE">0</atprecis><attscale Sync="TRUE">0</attscale><attrdef>OPACITY</attrdef><attrdomv/></attr><attr><attrlabl>Rowid</attrlabl><attalias>Rowid</attalias><attrdef>Internal feature number.</attrdef><attrdomv><udom Sync="TRUE">Sequential unique whole numbers that are automatically generated.</udom></attrdomv><attrtype Sync="TRUE">OID</attrtype><attwidth Sync="TRUE">4</attwidth><atprecis Sync="TRUE">0</atprecis><attscale Sync="TRUE">0</attscale><attrdefs Sync="TRUE">ESRI</attrdefs></attr><attr><attrlabl>Rowid</attrlabl><attalias>Rowid</attalias><attrdef>Internal feature number.</attrdef><attrdomv/></attr><attr><attrlabl>Rowid</attrlabl><attalias>Rowid</attalias><attrdef>Internal feature number.</attrdef><attrdomv/></attr><attr><attrlabl>Rowid</attrlabl><attalias>Rowid</attalias><attrdef>Internal feature number.</attrdef><attrdomv/></attr><attr><attrlabl>Rowid</attrlabl><attalias>Rowid</attalias><attrdef>Internal feature number.</attrdef><attrdomv/></attr><attr><attrlabl>Rowid</attrlabl><attalias>Rowid</attalias><attrdef>Internal feature number.</attrdef><attrdomv/></attr><attr><attrlabl>Rowid</attrlabl><attalias>Rowid</attalias><attrdef>Internal feature number.</attrdef><attrdomv/></attr><attr><attrlabl>Rowid</attrlabl><attalias>Rowid</attalias><attrdef>Internal feature number.</attrdef><attrdomv/></attr><attr><attrlabl>Rowid</attrlabl><attalias>Rowid</attalias><attrdef>Internal feature number.</attrdef><attrdomv/></attr><attr><attrlabl>Rowid</attrlabl><attalias>Rowid</attalias><attrdef>Internal feature number.</attrdef><attrdomv/></attr><attr><attrlabl>Rowid</attrlabl><attalias>Rowid</attalias><attrdef>Internal feature number.</attrdef><attrdomv/></attr><attr><attrlabl>Rowid</attrlabl><attalias>Rowid</attalias><attrdef>Internal feature number.</attrdef><attrdomv/></attr><attr><attrlabl>Rowid</attrlabl><attalias>Rowid</attalias><attrdef>Internal feature number.</attrdef><attrdomv/></attr><attr><attrlabl>LAND_COVER</attrlabl><attalias>LAND_COVER</attalias><attrdef>Landcover class label.</attrdef><attrdomv/></attr><attr><attrlabl>Rowid</attrlabl><attalias>Rowid</attalias><attrdef>Internal feature number.</attrdef><attrdomv/></attr></detailed></eainfo><contInfo><ImgDesc><contentTyp><ContentTypCd Sync="TRUE" value="002"/></contentTyp><covDim><Band><dimDescrp Sync="TRUE">Band_1</dimDescrp><maxVal Sync="TRUE">95.000000</maxVal><minVal Sync="TRUE">11.000000</minVal><bitsPerVal Sync="TRUE">8</bitsPerVal><valUnit><UOM type="length"><unitSymbol Sync="TRUE">Meter</unitSymbol></UOM></valUnit></Band></covDim></ImgDesc></contInfo><mdDateSt Sync="TRUE">20110126</mdDateSt><idinfo><descript><abstract>This dataset portrays land cover for Puerto Rico, which is NLCD mapping

superzone seventeen.&amp;nbsp;&amp;nbsp; Refer   to&amp;nbsp;&lt;a href="http://www.mrlc.gov/nlcd_multizone_map.php"&gt;http://www.mrlc.gov/nlcd_multizone_map.php&lt;/a&gt;

      for a map of the superzones.&lt;br /&gt;

&lt;div&gt;

  &lt;br /&gt;&lt;/div&gt;

&lt;div&gt;From NLCD:&amp;nbsp;The National Land Cover Database 2001 was  produced

  through a cooperative project conducted by the Multi-Resolution Land

  Characteristics (MRLC) Consortium. The MRLC Consortium is a

  partnership of  federal agencies (www.mrlc.gov), consisting of the

  U.S. Geological Survey  (USGS), the National Oceanic and Atmospheric

  Administration (NOAA), the U.S.  Environmental Protection Agency

  (EPA), the U.S. Department of Agriculture  (USDA), the U.S. Forest

  Service (USFS), the National Park Service (NPS), the  U.S. Fish and

  Wildlife Service (FWS), the Bureau of Land Management (BLM) and  the

  USDA Natural Resources Conservation Service (NRCS). One of the primary

  goals  of the project is to generate a current, consistent, seamless,

  and accurate  National Land Cover Database (NLCD) circa 2001 for the

  United States at medium  spatial resolution. For a detailed definition

  and discussion on MRLC and the  NLCD 2001 products, refer to Homer et

  al. (2003) and  http://www.mrlc.gov/mrlc2k.asp.&lt;/div&gt;

Spatial Resolution: 30 meter</abstract><purpose>The goal of this project is to provide the Nation with complete, current and consistent public domain information on its land use and land cover.</purpose><supplinf></supplinf></descript><useconst>&lt;a rel="license" style="float:right;" href="http://creativecommons.org/licenses/by/3.0/" target="_blank"&gt;&lt;img alt="Creative Commons License" style="border-width:0" src="http://creativecommons.org/images/public/somerights20.png" /&gt;&lt;/a&gt;This work is licensed under a &lt;a rel="license" href="http://creativecommons.org/licenses/by/3.0/" target="_blank"&gt;Creative Commons Attribution 3.0 License&lt;/a&gt;.</useconst><datacred>&lt;span class="tx"&gt;Yang, L, C. Huang, C. Homer, B. Wylie, and M. Coan, 

2002. An approach for mapping large-area impervious surfaces: Synergistic use of 

Landsat 7 ETM+ and high spatial resolution imagery. Canadian Journal of Remote 

Sensing, 29: 2, 230-240. &lt;/span&gt;&lt;div&gt;&lt;span class="tx"&gt;&lt;br /&gt;&lt;/span&gt;&lt;/div&gt;&lt;div&gt;&lt;span class="tx"&gt;Homer, C., C. Huang, L. Yang, B. Wylie and M. Coan, 

2004. Development of a 2001 national land cover database for the United States. 

Photogrammetric Engineering and Remote Sensing.&lt;/span&gt;&lt;/div&gt;</datacred><citation><citeinfo><title>National Land Cover Database, land cover - Puerto Rico</title><pubdate/><othercit>&lt;font face="Verdana, Arial, Helvetica, sans-serif"&gt;

  &lt;span style=""&gt;

    &lt;p&gt;Homer, C. C. Huang, L. Yang, B. Wylie and M. Coan. 2004.&amp;nbsp;&lt;a

        href="http://www.mrlc.gov/pdf/July_PERS.pdf"&gt;Development of a

        2001 National Landcover Database for the United States.

        Photogrammetric Engineering and Remote Sensing&lt;/a&gt;, Vol. 70, No.

      7, July 2004, pp. 829-840.&lt;/p&gt;&lt;/span&gt;&lt;/font&gt;</othercit><origin>&amp;nbsp;USGS National Land Cover Database 2001</origin><onlink/><pubinfo><publish/><pubplace/></pubinfo></citeinfo><citeinfo/><citeinfo/><citeinfo/><citeinfo/><citeinfo/><citeinfo/><citeinfo/><citeinfo/><citeinfo/><citeinfo/><citeinfo/><citeinfo/><citeinfo/><citeinfo/></citation><ptcontac><cntinfo><cntperp><cntper>USGS (custserv@usgs.gov)</cntper><cntorg> USGS</cntorg></cntperp></cntinfo><cntinfo/><cntinfo/><cntinfo/><cntinfo/><cntinfo/><cntinfo/><cntinfo/><cntinfo/><cntinfo/><cntinfo/><cntinfo/><cntinfo/><cntinfo/><cntinfo/></ptcontac><status><progress/><update/></status><timeperd><timeinfo><sngdate></sngdate><current/></timeinfo><timeinfo/><timeinfo/><timeinfo/><timeinfo/><timeinfo/><timeinfo/><timeinfo/><timeinfo/><timeinfo/><timeinfo/><timeinfo/><timeinfo/><timeinfo/><timeinfo/></timeperd><keywords><theme><themekey>land cover</themekey><themekey>NLCD</themekey><themekey>land use</themekey><themekt>Data Basin tags</themekt></theme></keywords><spdom><bounding/><bounding/><bounding/><bounding/><bounding/><bounding/><bounding/><bounding/><bounding/><bounding/><bounding/><bounding/><bounding/><bounding/><bounding/></spdom></idinfo><dataqual><attracc><attraccr></attraccr></attracc><complete></complete><lineage/></dataqual></metadata>
