<?xml version="1.0" encoding="utf-8" ?>
<ESRI_ItemInformation Culture='en-US'>
<name>e95aa06e05624f3087559eca884db034</name>
<guid>FFDBC68F-436F-4E29-AF5B-35D362726238</guid>
<catalogpath></catalogpath>
<snippet></snippet>
<description>lcNLCD_PR2</description>
<summary></summary>
<title>layer1</title>
<tags></tags>
<type>Layer Package</type>
<typekeywords>
<typekeyword>Raster Dataset</typekeyword>
<typekeyword>Layer Package</typekeyword>
<typekeyword>Data</typekeyword>
<typekeyword>ArcMap</typekeyword>
<typekeyword>.lpk</typekeyword>
</typekeywords>
<thumbnail>thumbnail/thumbnail.png</thumbnail>
<documentation></documentation>
<url></url>
<datalastmodifiedtime></datalastmodifiedtime>
<extent>
<xmin>-67.519465307354</xmin>
<ymin>17.1964673215999</ymin>
<xmax>-64.9436360616697</xmax>
<ymax>19.1640273783096</ymax>
</extent>
<spatialreference>WGS_1984_Web_Mercator_Auxiliary_Sphere</spatialreference>
<accessinformation></accessinformation>
</ESRI_ItemInformation>
