<?xml version="1.0" encoding="UTF-8"?>
<metadata>
  <idinfo>
    <descript>
      <abstract>This dataset portrays land cover for Puerto Rico, which is NLCD mapping superzone seventeen.&amp;#160;&amp;#160; Refer to&amp;#160;http://www.mrlc.gov/nlcd_multizone_map.php for a map of the superzones.
 
 From NLCD:&amp;#160;The National Land Cover Database 2001 was produced through a cooperative project conducted by the Multi-Resolution Land Characteristics (MRLC) Consortium. The MRLC Consortium is a partnership of federal agencies (www.mrlc.gov), consisting of the U.S. Geological Survey (USGS), the National Oceanic and Atmospheric Administration (NOAA), the U.S. Environmental Protection Agency (EPA), the U.S. Department of Agriculture (USDA), the U.S. Forest Service (USFS), the National Park Service (NPS), the U.S. Fish and Wildlife Service (FWS), the Bureau of Land Management (BLM) and the USDA Natural Resources Conservation Service (NRCS). One of the primary goals of the project is to generate a current, consistent, seamless, and accurate National Land Cover Database (NLCD) circa 2001 for the United States at medium spatial resolution. For a detailed definition and discussion on MRLC and the NLCD 2001 products, refer to Homer et al. (2003) and http://www.mrlc.gov/mrlc2k.asp.</abstract>
      <purpose>The goal of this project is to provide the Nation with complete, current and consistent public domain information on its land use and land cover.</purpose>
      <supplinf />
    </descript>
    <useconst>(http://creativecommons.org/licenses/by/3.0/)This work is licensed under a Creative Commons Attribution 3.0 License (http://creativecommons.org/licenses/by/3.0/).</useconst>
    <datacred>Yang, L, C. Huang, C. Homer, B. Wylie, and M. Coan, 2002. An approach for mapping large-area impervious surfaces: Synergistic use of Landsat 7 ETM+ and high spatial resolution imagery. Canadian Journal of Remote Sensing, 29: 2, 230-240.&amp;#160; 
 Homer, C., C. Huang, L. Yang, B. Wylie and M. Coan, 2004. Development of a 2001 national land cover database for the United States. Photogrammetric Engineering and Remote Sensing.</datacred>
    <citation>
      <citeinfo>
        <title>National Land Cover Database, land cover - Puerto Rico</title>
        <pubdate />
        <othercit>Homer, C. C. Huang, L. Yang, B. Wylie and M. Coan. 2004.&amp;#160;Development of a 2001 National Landcover Database for the United States. Photogrammetric Engineering and Remote Sensing (http://www.mrlc.gov/pdf/July_PERS.pdf), Vol. 70, No. 7, July 2004, pp. 829-840.</othercit>
        <origin>&amp;#160;USGS National Land Cover Database 2001</origin>
        <onlink>http://app.databasin.org/app/pages/datasetPage.jsp?id=e95aa06e05624f3087559eca884db034</onlink>
        <pubinfo>
          <publish />
          <pubplace />
        </pubinfo>
      </citeinfo>
    </citation>
    <ptcontac>
      <cntinfo>
        <cntperp>
          <cntper>USGS (custserv@usgs.gov)</cntper>
          <cntorg>&amp;#160;USGS</cntorg>
        </cntperp>
      </cntinfo>
    </ptcontac>
    <status>
      <progress />
      <update />
    </status>
    <timeperd>
      <timeinfo>
        <sngdate />
        <current />
      </timeinfo>
    </timeperd>
    <keywords>
      <theme>
        <themekey>land cover</themekey>
        <themekey>NLCD</themekey>
        <themekey>land use</themekey>
        <themekt>Data Basin tags</themekt>
      </theme>
    </keywords>
    <spdom>
      <bounding>
        <northbc>19.164027378309562</northbc>
        <eastbc>-64.94363606166971</eastbc>
        <southbc>17.196467321599915</southbc>
        <westbc>-67.51946530735403</westbc>
      </bounding>
    </spdom>
  </idinfo>
  <dataqual>
    <attracc>
      <attraccr />
    </attracc>
    <complete />
    <lineage />
  </dataqual>
  <eainfo>
    <detailed>
      <attr>
        <attrlabl>Rowid</attrlabl>
        <attalias>Rowid</attalias>
        <attrdef>Internal feature number.</attrdef>
        <attrdomv />
      </attr>
      <attr>
        <attrlabl>VALUE</attrlabl>
        <attalias>VALUE</attalias>
        <attrdef>Land Cover Class Code Value. Class definitions marked with an asterisk (*) are Coastal NLCD Classes only.</attrdef>
        <attrdomv />
      </attr>
      <attr>
        <attrlabl>RED</attrlabl>
        <attalias>RED</attalias>
        <attrdef>RED</attrdef>
        <attrdomv />
      </attr>
      <attr>
        <attrlabl>GREEN</attrlabl>
        <attalias>GREEN</attalias>
        <attrdef>GREEN</attrdef>
        <attrdomv />
      </attr>
      <attr>
        <attrlabl>BLUE</attrlabl>
        <attalias>BLUE</attalias>
        <attrdef>BLUE</attrdef>
        <attrdomv />
      </attr>
      <attr>
        <attrlabl>OPACITY</attrlabl>
        <attalias>OPACITY</attalias>
        <attrdef>OPACITY</attrdef>
        <attrdomv />
      </attr>
      <attr>
        <attrlabl>COUNT</attrlabl>
        <attalias>COUNT</attalias>
        <attrdef>COUNT</attrdef>
        <attrdomv />
      </attr>
      <attr>
        <attrlabl>LAND_COVER</attrlabl>
        <attalias>LAND_COVER</attalias>
        <attrdef>Landcover class label.</attrdef>
        <attrdomv />
      </attr>
    </detailed>
  </eainfo>
  <distinfo>
    <distrib>
      <cntinfo>
        <cntorgp>
          <cntorg>Data Basin</cntorg>
          <cntper>Data Basin Administrator</cntper>
        </cntorgp>
        <cntaddr>
          <addrtype>physical address</addrtype>
          <address>136 SW Washington Ave, Suite 202</address>
          <city>Corvallis</city>
          <state>OR</state>
          <postal>97333</postal>
          <country>USA</country>
        </cntaddr>
        <cntvoice>541-757-0687</cntvoice>
        <cntemail>databasin_admin@consbio.org</cntemail>
      </cntinfo>
    </distrib>
    <resdesc>National Land Cover Database, land cover - Puerto Rico</resdesc>
    <distliab>No warranty is made by Data Basin for use of this dataset.  No warranty is made by Data Basin regarding the accuracy, reliability, or completeness of this dataset. In no event shall Data Basin have any liability whatsoever for payment of any consequential, incidental, indirect, special, or tort damages of any kind, including, but not limited to, any loss of profits arising out of the use or reliance on the geographic or attribute data contained within this dataset or arising out of the delivery, installation, operation, or support by Data Basin.</distliab>
    <stdorder>
      <digform>
        <digtinfo>
          <formname />
          <formvern>ArcGIS  10</formvern>
          <formspec />
          <filedec>No compression applied</filedec>
        </digtinfo>
        <digtopt>
          <onlinopt>
            <computer>
              <networka>
                <networkr>http://app.databasin.org/app/pages/datasetPage.jsp?id=e95aa06e05624f3087559eca884db034</networkr>
              </networka>
            </computer>
            <accinstr>Download from http://databasin.org</accinstr>
          </onlinopt>
        </digtopt>
      </digform>
      <fees>None</fees>
      <ordering>Download from http://databasin.org</ordering>
    </stdorder>
    <techpreq>ESRI ArcGIS Desktop and supporting operating systems.</techpreq>
  </distinfo>
</metadata>

